{"success":1,"msg":"","count":100,"data":[{"id":10022,"username":"user-22","sex":"1","city":"城市-22","sign":"3","u_time":"2019-10-10 00:00:00","experience":739,"logins":152,"wealth":60907929,"classify":"作家","score":18},{"id":10023,"username":"user-23","sex":"女","city":"城市-23","sign":"签名-23","experience":127,"logins":82,"wealth":14765943,"classify":"作家","score":30},{"id":10024,"username":"user-24","sex":"女","city":"城市-24","sign":"签名-24","experience":212,"logins":133,"wealth":59011052,"classify":"词人","score":76},{"id":10025,"username":"user-25","sex":"女","city":"城市-25","sign":"签名-25","experience":938,"logins":182,"wealth":91183097,"classify":"作家","score":69},{"id":10026,"username":"user-26","sex":"男","city":"城市-26","sign":"签名-26","experience":978,"logins":7,"wealth":48008413,"classify":"作家","score":65},{"id":10027,"username":"user-27","sex":"女","city":"城市-27","sign":"签名-27","experience":371,"logins":44,"wealth":64419691,"classify":"诗人","score":60},{"id":10028,"username":"user-28","sex":"女","city":"城市-28","sign":"签名-28","experience":977,"logins":21,"wealth":75935022,"classify":"作家","score":37},{"id":10029,"username":"user-29","sex":"男","city":"城市-29","sign":"签名-29","experience":647,"logins":107,"wealth":97450636,"classify":"酱油","score":27}]}